Nom;Type;Utilisation ;Cout ;Intelligence Min ;contraintes ;Seuils;Coups critiques ;IAJ Max ;Description ;nom complet 
arme magique;AME;5;Ne coûte pas d'action;4;Distance et Cac;;;0;Ne coûte rien. Ajoute 2 de dégât magique aux dégâts totaux de vos frappes pour l’arme de votre choix.Vous ne pouvez pas désigner l’arme d’un compagnon. L’effet se termine à la fin de votre tour.;
nyctalopie;AME;2;Energies au choix;6;Minimum energie : 1;;;0;Jetez 1 dé par énergie:Si un dé dépasse 4, alors le joueur voit dans le noir et ne voit pas dans la lumière.Sinon si un dé = 1, alors le joueur est aveugle pendant 2 tours.;
petite fleche d ame;AME;13;Energies et ames;6;Maximum energie : 2;|1/2=>Ma:0
|3/4/5/6=>Ma:2
;6=>Ma:4;10;Le lanceur peut décider de sacrifier 50 âmes pour ajouter 1 de dégât magique aux dégâts totaux. Il peut ainsi ajouter jusqu’à 3 points de dégâts maximum par frappe.;
dissipateur;AME;3;;3;;;;0;Le sort permet de produire un souffle avec la main, celui-ci n’est pas violent mais parfaitement sain et cela permet principalement de remplacer l’air ambiant par un air plus appréciable.;
givrant;AME;6;;4;;;;0;Le sort permet de faire fortement diminuer la température,  assez pour qu’une falque d’eau se transforme en plaque de verglas par exemple.;
retour;AME;1;;4;;;;0;Renvoie au dernier feu. Revient au feu avec toutes ses âmes (considère qu’il est mort);
pressif;AME;1;;11;;;;0;Le sort influe magiquement sur la pesanteur dans un rayon de ~20m (aucune loi physique n’est respectée). 
Le sort dure tant que le lanceur dispose d’une énergie.
Lancer 1 dé :
6 => tous les être vivants (sauf le lanceur) ayant une force inférieure à 6 se sentent cloué au sol, incapable de frapper et de bouger.
3+=>tous les être vivants (sauf le lanceur) ayant une force inférieure à 5 se sentent cloué au sol, incapable de bouger mais peuvent frapper.
2=>La pesanteur se relâche soudainement pour les ennemis. Tous leurs déplacements sont facilités ( grands sauts, longues distances…)
1=>Le lanceur subit la pesanteur violente d’un autre astre et il projeté vers le ciel à 15 mètres puis retombe. S’il y a un plafond il subit les dégâts de chute vers le plafond puis vers le sol. S’il n’y a pas de plafond il subit les 15mètres en dégâts de chute. Dans tous les cas il passe son prochain tour.;
morti-pressif;AME;1;;16;;;;0;Le sort influe magiquement sur la pesanteur dans un rayon de ~20m (aucune loi physique n’est respectée). 
Le sort dure tant que le lanceur dispose d’une énergie.
Lancer 1 dé :
6 => tous les être vivants (sauf le lanceur) ayant une force inférieure à 6 implosent (ils meurent peu importe leur vie).
3+=>tous les être vivants (sauf le lanceur) ayant une force inférieure à 3 implosent (ils meurent peu importe leur vie)
2=>La pesanteur se relâche soudainement pour les ennemis. Tous leurs déplacements sont facilités ( grands sauts, longues distances…)
1=>Le lanceur subit la pesanteur violente d’un autre astre et il projeté vers le ciel à l’infini et fini par mourir dans l’espace. Ses âmes sont irrécupérables.;
neodyme;AME;2;;12;;;;0;Le sort permet de créer une forte attraction magnétique au niveau de la main du lanceur. Le champ magnétique porte jusqu’à ~10m.
Jeter un dé :
6 => (Pareil que pour le niveau 4+) sauf que cela attire aussi les gros objets en métal (une porte sortira de ses gonds, les armures s’envolent…)
4+=>Tous les objets légers en métal (clés, armes, casseroles...), y compris les armes tenus en mains par des monstres ayant une force inférieure à l’intelligence du lanceur, sont amassés au pied du lanceur. 
2+=>Seul les petits objets traînants par terre volent vers le joueur
1=> Tous les petits objets virevoltent violemment sur le joueur et lui inflige des dégâts de projectile. Son tour se termine.;
brouillard;AME;3;;5;;;;0;Le sort crée une nappe de brouillard épaisse autour du lanceur qui couvre les dizaines de mètres à la ronde. La visibilité est réduite.;
transport;AME;3;20 âmes;13;Seuil de réussite : 3+;;;0;Le lanceur peut instantanément se téléporter à un endroit qu’il a  lui-même déjà visité.;
levitation;AME;4;2 énergies;7;Seuil de réussite : 4+;;;0;Le lanceur peut voler sur ~15m dans la direction de son choix.;
sauvetage cendre;AME;1;;8;Seuil réussite : 1D6 3+ (Peut dépenser 1 énergie pour faire chuter le seuil à 2+, à décider avant le jet de dé).;;;0;Le lanceur disparaît dans une grande flamme, seul un tas de cendres subsiste
Si le lanceur subit une frappe qui peut le tuer, il peut alors utiliser ce sort à la place de parer ou faire une roulade.
S’il dépasse le seuil de réussite il peut se téléporter dans n’importe quel endroit qu’il a déjà visité, sinon il subit la frappe en coup critique.;
milles epees;AME;4;;10;;;;0;Le lanceur fait apparaître une multitude d’épée autour de sa cible qui la crible de coups.
Dur jusqu’au début du prochain tour du lanceur.
Pour chacune des frappes que le lanceur fait avec une arme il relance 2x les dés de la frappe et celle-ci sont considérées comme des frappes à part, que la cible doit gérer en plus.;
le coup inamissible;AME;6;;9;;;;0;L’arme du lanceur semble être animée d’une vie propre et canalise sa haine sur son ennemi.
Dur jusqu’au début du prochain tour du lanceur.
Lorsque le lanceur fait une frappe avec son arme la frappe touche l’ennemi même si celui-ci réussit une roulade. 
De plus si le FFC = 0 alors on considère que le jet de dés de la frappe a donné un FFC = 1.;
l arme felonne;AME;4;;9;;;;0;L’arme de la cible semble être animée d’une vie propre et canalise sa haine sur son porteur.
Le lanceur choisit une arme tenue en main par un ennemi ou un allié ou lui-même.
Il peut alors faire une frappe avec l’arme sur le porteur de celle-ci.
Le lanceur peut choisir quelle quantité d’énergie mettre dans la frappe en respectant les critères de l’arme.
On considère que tous les critères minimum d’utilisation sont remplis en ce qui considère l’arme.
De plus l’IAJ du lanceur est utilisé pour faire office de FAJ lors de la résolution des dégâts.;
arme felonne superieur ;AME;8;;15;;;;0;L’arme de la cible semble être animée d’une vie propre et canalise sa haine sur son porteur.
Le lanceur choisit une arme tenue en main par un ennemi ou un allié ou lui-même.
Il peut alors faire plusieurs frappes avec l’arme sur le porteur de celle-ci ou une seule frappe en coup critique.
Le lanceur peut choisir quelle quantité d’énergie mettre dans la frappe en respectant les critères de l’arme.
On considère que tous les critères minimum d’utilisation sont remplis en ce qui considère l’arme.
De plus l’IAJ du lanceur est utilisé pour faire office de FAJ lors de la résolution des dégâts.;
milles epees superieur;AME;4;;15;;;;0;Le lanceur fait apparaître une multitude d’épée autour de sa cible qui la crible de coups.
Dur jusqu’au début du prochain tour du lanceur.
Pour chacune des frappes que le lanceur fait avec une arme il relance 5x les dés de la frappe et celle-ci sont considérées comme des frappes à part, que la cible doit gérer en plus.;
fleche d ame;AME;8;Energies et ames;9;Maximum energie : 2;|1/2=>Ma:0
|3/4/5/6=>Ma:3
;6=>Ma:6;10;Le lanceur peut décider de sacrifier 50 âmes pour ajouter 1 de dégât magique aux dégâts totaux. Il peut ainsi ajouter jusqu’à 4 points de dégâts maximum par frappe.;
ubiquite superieur;AME;1;;16;Minimum énergie : 1;;;0;Dépensez une énergie et jetez un dé. Sur 3+ le sort est réussit.
A ce moment une réplique identique(sauf pour les âmes et l’humanité qui ne sont pas répliqués, les effets de braises ne sont pas réplqiués) du personnage du lanceur est créé à une position au choix du joueur. Celle-ci compte comme un nouveau joueur, qui joue juste après le tour du lanceur.
Cette réplique disparaît au début du prochain tour du lanceur.
Il est possible de multiplier les clonages si les clones utilisent à leur tour leur grand sort d’ubiquité.
Le clone ne peut pas se séparer des items.
Il est copié avec l’énergie qu’il reste après le coup du sort.;
entrave leger;AME;2;1 énergie;2;Minimum énergie : 1;;;0;Le lanceur choisit un objet qui d’une certaine manière s’ouvre et se ferme (porte, cadenas, menottes, chaînes…). L’objet se verrouille alors magiquement, il peut toujours être cassé ou déverouillé via n’importe quel contre-sort d’entrave.;
entrave;AME;1;1 énergie;4;Minimum énergie : 1;;;0;Le lanceur choisit un objet qui d’une certaine manière s’ouvre et se ferme (porte, cadenas, menottes, chaînes…). L’objet se verrouille alors magiquement. Il peut toujours être cassé ou déverouillé via un contre-sort d’entrave exécuté par un magicien qui a au moins la même intelligence.;
depetrant;AME;2;1 énergie;2;Minimum énergie : 1;;;0;Le lanceur choisit un objet qui a été verrouillé magiquement par un sort d’entrave léger. 
Celui-ci est déverouillé.
Dans le cas d’un sort d’entrave il faut que le niveau d’intelligence du lanceur soit égale ou supérieur au niveau d’intelligence de la personne qui a verrouillée.;
fulgurance superieur;AME;3;;3;Il n’est pas nécessaire de posséder un bâton de pouvoir.;;;0;A n’importe quel moment du jeu, même lorsque ce n’est pas son tour, le joueur peut interrompre le jeu et effectuer une action de combat immédiatement avec l’énergie qu’il lui reste. Puis le jeu reprends son cours.;
fulgurance;AME;3;;2;Il n’est pas nécessaire de posséder un bâton de pouvoir.;;;0;A n’importe quel moment du jeu, même lorsque ce n’est pas son tour, le joueur peut interrompre le jeu et effectuer une frappe immédiatement avec l’énergie qu’il lui reste. Puis le jeu reprends son cours.;
soin palliatif;MIRACLE;6;;1;;;;0;Permet de voler jusqu’à 5 pv d’un allié. Vous gagnez les pvs, lui les perds.;
encaissement;MIRACLE;3;1 énergie;7;;;;0;Accorde +10 en défense physique jusqu’au prochain tour au joueur ou à un personnage visé. ;
vie moisie;MIRACLE;1;;3;;;;0;Choisissez un membre de l’équipe à sacrifier, ne peut être le lanceur lui-même. Désignez ensuite un membre de l’équipe qui revient à la vie avec la moitié de sa vie. 
Ensuite il faut déterminer quel est le degré de sacrifice, impossible pour le sacrifié de se défendre.
Jetez un dé:
6 => Rien.
5 => sacrifié prend 1 dégâts Magique
4 => sacrifié prend 3 dégâts Magique
3 => sacrifié prend 3 dégâts Magique et perds 100 âmes.
2 => La vie du sacrifié chute à 1, et il perds toutes ses âmes.
1 => le sacrifié meurt et la vie du ressuscité chute à 1.
Le ressuscité ne regagne pas ses âmes et humanités.;
grand soin;MIRACLE;2;;6;;;;0;restaure 15 pvs.;
solidite;MIRACLE;3;;8;;;;0;Il faut au moins 1 énergie en réserve pour lancer le sort.
Accorde +10 en poids et une insensibilité aux attaques qui visent à déstabiliser jusqu’à ce que le joueur n’ait plus d’énergie.;
repoussoir;MIRACLE;4;;6;;;;0;Repousse les ennemis.;
redemption;MIRACLE;1;1 humanite;10;;;;0;Cibler un ennemi.
Si l’ennemi a moins d’intelligence que le lanceur, alors il devient soudainement inoffensif et ce jusqu’à la prochaine rencontre ou jusqu’à ce qu’elle subisse des dégâts.
Dans le cas contraire la cible s’enrage et peut jouer un tour gratuitement immédiatement;
ereintant;MIRACLE;2;2 actions;10;;;;0;Cibler un ennemi. Jeter un dé. 
4+ : l’ennemi ciblé subit le sort, à chaque fois qu’il frappera il perdra toute son énergie. 
0+ : aucun effet
Le sort dure tant que le lanceur consacre ses 2 actions à maintenir le sort.;
soin;MIRACLE;6;;4;;;;0;Restaure l’intelligence du lanceur divisée par 2 en pvs à une cible au choix (peut etre lui-même) pour un maximum de 6 pvs restaurés.;
annatar;MIRACLE;4;;10;;;;0;Lorsqu’un joueur meurt, le lanceur peut redonner les points de vie qu’il avait avant le coup fatal, au joueur de son choix;
oblativite supreme;MIRACLE;1;;12;;;;0;Le lanceur meurt, mais tous les autres joueurs regagnent l’entièreté de leurs points de vie.;
vigueur;MIRACLE;10;1 énergie;5;;;;0;Le lanceur choisit une cible( qui peut être lui-même), celle-ci récupère 2 énergie sans pouvoir dépasser  sa réserve d’énergie maximale.;
verdeur;MIRACLE;3;1 énergie;8;;;;0;Le lanceur choisit une cible( qui peut être lui-même), celle-ci récupère 4 énergie et peut ainsi dépasser sa réserve d’énergie maximale.;
leger repos;MIRACLE;8;;7;;;;0;Si le joueur dispose d’au moins 3 humanités. Il peut dépenser 2 d’énergie pour regagner un pv.;
grand repos;MIRACLE;1;;10;;;;0;Tant que le sort est équipé et que le joueur dispose d’au moins 2 humanités. Il peut dépenser 2 d’énergie pour regagner 2 pvs.;
repos;MIRACLE;1;;7;;;;0;Tant que le sort est équipé et que le joueur dispose d’au moins 2 humanités. Il peut dépenser 2 d’énergie pour regagner un pv.;
contris;MIRACLE;4;10 âmes;12;;;;0;Lors de la fin d’une action de n’importe qui (lui-même, allié, ennemi…) d’un autre joueur le lanceur peut exécuter ce sort sans dépenser d’action ni d’énergie.
Cela a pour conséquence que l’entièreté de l’action est annulée, la cible reprend son tour de jeu au début de l’action et peut décider de faire quelque chose de complètement différent avec cette action. Il est de la responsabilité du lanceur de se souvenir du déroulé de l’action pour l’annuler correctement, sinon le sort est sans effet.;
restauration supreme;MIRACLE;1;1 humanite;14;;;;0;Le lanceur resuscite un joueur mort. Celui-ci réapparaît à côté du lanceur avec la moitié de ses points de vie;
allegement;MIRACLE;4;1 énergie. Ne coûte pas d'action.;6;;;;0;Le lanceur cible un équipement tenu en main par un des joueurs (y compris lui), jusqu’au début du prochain tour du lanceur  la force minimale requise par l’equipement passe à 1.;
duplication;MIRACLE;7;1 énergie;13;Seuil de réussite : 4+;;;0;Le lanceur cible une arme tenue en main par un allié ou un ennemi, il crée alors dans sa main spirituelle une réplique exacte de cette arme, cette réplique disparaîtra au début de son prochain tour;
grand allegement ;MIRACLE;3;1 énergie. Ne coûte pas d'action.;15;;;;0;Le lanceur cible un équipement tenu en main par un des joueurs (y compris lui), jusqu’au début du prochain tour du lanceur  toutes les statistiques minimales requises par l’arme passe à 1, ainsi que le poids.;
tirith sûl;MIRACLE;8;;7;;;;0;Le lanceur lance un vent tourbillonnant pour dévier un coup.
Le lanceur peut utiliser ce sort sans dépenser d’action lorsqu’un joueur allié ou lui-même va subir une frappe (il peut déclarer utiliser le sort une fois que les dés de la frappe ont été lancés).
Le lanceur déclare alors le nombre d’énergies qu’il va utiliser pour le sort et on considère qu’il pare la frappe avec les statistiques ci-contre (les énergies utilisées et qui réussissent la parade ne sont pas économisées):
Seuil blocage: 3+
blocage: IAJ du lanceur (max 8)
Si la frappe n’était pas dirigée contre le lanceur alors l’allié frappé peut se défendre en plus du blocage ajouté par le lanceur du miracle.;
dereliction;MIRACLE;3;2 energies;9;;;;0;Le lanceur choisit une cible, alliée ou ennemie, celle-ci ne pourra pas être considérée comme étant en coup critique même si elle n’a plus d’énergie. Le sort dure jusqu’au début du prochain tour du lanceur.;
engourdissement;MIRACLE;3;2 energies;4;;;;0;Cibler un ennemi. Jeter 1D6. 
3+ : l’ennemi ciblé subit le sort, il ne dispose plus que d’une action par tour. 
0+ : aucun effet
Le sort dure tant que le lanceur consacre une action par tour à maintenir le sort.;
vigueur generale;MIRACLE;8;2 energies;9;;;;0;Tous les joueurs visible par le lanceur récupère 2 énergies sans pouvoir dépasser  leur réserve d’énergies maximale.;
semitique;MIRACLE;1;2 energies;9;;;;0;Le lanceur cible un personnage qui vend des items dans le jeu et jette un dé :
6+ : le vendeur propose un item (au choix du joueur) gratuit en échange d’un autre
5+ : le vendeur propose une réduction de 10% sur tous les produits
4+ : le vendeur propose une réduction de 5% sur tous les produits
3+ : Le vendeur augmente de 5% la valeur de tous ses produits
2+ : le vendeur oblige les joueurs à acheter quelque chose de suite, sous peine de déclencher un combat
1+ : le vendeur augmente la valeur de tous ses produits de 10%
Le sort n’est effectuable qu’une seule fois par vendeur. L’effet du sort est définitif.;
pied leger;MIRACLE;2;2 energies. Ne coûte pas d'actions;8;;;;0;Le miracle ne coûte pas d’action à lancer. Le lanceur cible un joueur, celui-ci voit son poids diminuer de 10 (pour un minimum de 0). Cela dure jusqu’à ce qu’un des joueurs meurt.;
gorgee bienfaitrice;MIRACLE;15;;2;;;;0;Le lanceur doit servir de l'eau au personne autour de la table (y compris le MJ) et y compris lui-même il regagne le nombre de verres d'eau servis en points de vie + 1.
Il faut que le verre des joueurs soit vide, impossible de sortir de nouveaux verre, impossible pour les joueurs d'avoir plus d'un verre et impossible de vider le liquide actuellement présent dans les verres des joueurs.
Il faut servir des verres normaux (~20cL).;
ignivome;PYROMANCIE;4;;8;Maximum energie:1.
Distance (1 ou 2 m) et Cac.;|1/2/3=>F:0
|4/5/6=>F:16
;;22;Pour les seuils, un dé faisant 1 fait chuter également l'énergie du lanceur à 0.;
boule de feu;PYROMANCIE;9;;7;Maximum energie:2
Distance.;|1/2/3=>F:0
|4=>F:2
|5/6=>F:4
;Embrasement si la frappe touche;16;Embrasement: si l’ennemi possède une armure faite de tissu qui ne possède pas de défense en feu, celle-ci prends feu et disparaît définitivement.;
paume incandescente;PYROMANCIE;0;;3;Minimum energie :1
Distance.;;;0;Le joueur libère une faible lumière avec sa main, qui permet à celui-ci, uniquement, de percer les ombres proches de lui. 
Le sort dure tant que le joueur dispose de 1 d’énergie en réserve, et que la main de pyromancie
est équipée.;
main enflammee;PYROMANCIE;12;;5;Maximum energie:2
Cac.;|1=>F:0
|2/3/4=>F:3
|5=>F:6
|6=>F:9
;;11;;
propiation par le feu;PYROMANCIE;1;;15;;;;0;Le lanceur s’enflamme en entier et prends 10 de dégâts de feu à chacun de ses tours. A chacun du début de ses tours suivants, le lanceur jette un dé sur 5+ le sort s’arrête.
Pendant qu’il est en feu, tout être qu’il touche, ou qui le touche/frappe prends 15 de dégâts de feu;
invoque laniere de feu;PYROMANCIE;1;;9;;;;0;Le joueur récupère une lanière de feu dans sa main équipant la main de pyromancie. Cf Armes. La lanière de feu reste tant que l’énergie du sorcier ne tombe pas à 0.;
immolation endogene;PYROMANCIE;1;;12;Maximum energie:1
;|1=>F:0
|2/3/4/5/6=>F:10
;;18;La cible brûle de l’intérieur. 
L’armure équipement de la cible n’est pas prise en compte lors de la résolution des dégâts.;
flamme aspirante;PYROMANCIE;2;1 énergie;16;;;;0;Le joueur fait apparaître une flamme bleue dans sa main qui semble absorber les autres flammes.
Le lanceur jette un dé:
1=> la flamme bleue grandit de manière incontrôlée et enflamme le joueur, il subit son intelligence en degat de feu
2+=>tant que le joueur ne perds pas de points de vie, tout attaque de feu lui redonne en points de vie les dégâts de feu de la frappe (avant d’y soustraire l’armure);
souffle propanique;PYROMANCIE;2;1 énergie;17;Seuil de reussite:4+;;;0;Le lanceur exhale du propane en soufflant.
Si le lanceur est dans un endroit clos alors la pièce se remplie de propane, sinon le sort est sans effet.
Il faut ensuite attendre qu’ un élément tierce enflamme le propane.
Si tel est le cas, une explosion énorme se produit dans toute la pièce et tout être à l’intérieur (hormis le lanceur) est projeté violemment et subit : 20 Ph, 20 F. 
Si le propane s’enflamme avant le début du prochain tour du lanceur alors on considère qu’il y a un retour de flamme.
Retour de flamme: un filet de gaz qui s’échappe encore des lèvres du lanceur s’enflamme et la flamme remonte le filet de gaz pour incinérer le lanceur de l’intérieur qui subit: 20F.;
pluie brulante;PYROMANCIE;1;1 énergie;11;Seuil de reussite:2+;;;0;Le lanceur doit être à l’air libre pour lancer le sort. Une pluie de goutte de feu s’abat alors dans un rayon de ~15m autour du lanceur.
Chacun des êtres présents dans cette zone doit jeter un dé pour déterminer les dégâts de feu subits:
1/2 => 0
3 => 3
4/5=> 4
6 => 5 + embrasement 
Embrasement: si l’ennemi possède une armure faite de tissu qui ne possède pas de défense en feu, celle-ci prends feu et disparaît ;
traits de feu;PYROMANCIE;5;;9;Maximum energie:3
Distance.;|1/2/3/4=>F:0|Ph:0
|5/6=>F:9|Ph:3
;Embrasement si blessures >4;11;;
grands traits de feu;PYROMANCIE;4;;11;Maximum energie:4
Distance.;|1/2/3/4=>F:0|Ph:0
|5/6=>F:9|Ph:9
;Embrasement si blessures >4;16;;
regard de feu;PYROMANCIE;8;;7;Maximum energie:3
Distance.;|1/2/3/4=>F:0
|5=>F:4
|6=>F:6
;;9;;
grand regard de feu;PYROMANCIE;5;;12;Maximum energie:3
Distance.;|1/2/3/4=>F:0
|5=>F:6
|6=>F:10
;;11;Ne tient pas compte de l'armure équipement de feu;
javelots de feu;PYROMANCIE;5;;8;Maximum energie:1
Distance uniquement;|1/2/3/4=>F:0
|5=>F:8
|6=>F:12
;;19;Transperce si blessure >2. le javelot ressort derrière la cible et continue sa course et infligera la même quantité de dégâts à une cible qu’il rencontre (ne pas relancer les dés). Transperce ne fonctionne que sur la cible originale.;
etreinte brulante;PYROMANCIE;10;;2;Maximum energie:2;|1=>F:0
|2/3/4/5=>F:1
|6=>F:3
;;4;L’intérieur de la paume de la main chauffe à très haute température. Le sorcier peut enflammer des objets qu’il tient dans la main.;
grande etreinte brulante;PYROMANCIE;6;;5;Maximum energie:3;|1=>F:0
|2/3/4/5=>F:2
|6=>F:3
;;9;Le corps entier du lanceur chauffe à très haute température. Le sorcier peut enflammer des objets qu’il étreint.;
asservissement;NECROMANCIE;3;1 énergie;15;;;;0;Le joueur cible un autre personnage qui vient de mourir dans un rayon de 15m depuis son dernier tour. Celui-ci revient à la vie, avec la moitié de ses pvs et passe sous le contrôle du lanceur (le lanceur joue le ressuscité juste après son tour);
exhumation mortelle;NECROMANCIE;7;;9;;;;0;Jetez un dé 100 (si 0 le sort est sans effet), diviser le nombre d’âme de la cible par le résultat du dé arrondi au supérieur pour un min de 1.
Le nombre obtenu est plafonné à 50.
La cible subit ce nombre en dégât magique.
La cible perds ce nombre d’âmes (perdu aussi sur la récompense d’âme);
petite exhumation mortelle;NECROMANCIE;10;;7;;;;0;Jetez un dé 100 (si 0 le sort est sans effet), diviser le nombre d’âme de la cible par le résultat du dé arrondi au supérieur pour un min de 1.
Le nombre obtenu est plafonné à 30.
La cible subit ce nombre en dégât magique.
La cible perds ce nombre d’âmes (perdu aussi sur la récompense d’âme);
grande exhumation mortelle;NECROMANCIE;5;;17;;;;0;Jetez un dé 100 (si 0 le sort est sans effet), diviser le nombre d’âme de la cible par le résultat du dé arrondi au supérieur pour un min de 1.
Le nombre obtenu est plafonné à 100.
La cible subit ce nombre en dégât magique.
La cible perds ce nombre d’âmes (perdu aussi sur la récompense d’âme);
lichisation;NECROMANCIE;1;8 actions;30;;;;0;Il faut qu’un autre joueur/pnj se sacrifie volontairement. Il meurt à la fin du sort, peu importe si celui-ci réussit ou non.
La cible doit consacrer 8 actions consécutives sans rien faire d’autre à se transformer en liche.
A la fin de chacun de ses tours consacrés entièrement au sort, le lanceur jette un dé s’il fait 1 alors le sort rate et il se transforme en demi-liche.
Le sort est perdu dans tous les cas.;
oubli;PSIONIQUE;1;1 énergie;6;;;;0;Si le lanceur a une intelligence strictement plus élevée que la cible, alors celle-ci oublie instantanément toute intéraction qu’elle a eu précédemment avec un personnage au choix du lanceur (peut être lui-même).
Les effets sont permanents même après un feu.;
grand oubli;PSIONIQUE;3;1 énergie;8;;;;0;Si le lanceur a une intelligence strictement plus élevée que la cible, alors les joueurs proposent 3 choses différentes au MJ que la cible peut oublier. Le MJ décide 1 des 3 choses que la cible oublie.
En revanche si la cible a plus d’intelligence alors le lanceur oublie ce sort (et ne peut donc plus l’utiliser à moins de le retrouver).
La cible de l’oubli peut regagner la connaissance oubliée selon le déroulement du jeu.;
sondage cerebral;PSIONIQUE;4;2 actions;7;;;;0;Le lanceur et la cible choisisse tous les deux un nombre d’énergie (sans se le dire) et tente une lutte d'intelligence (1D20 par énergie, on garde le meilleur dé)
Si le lanceur a un résultat strictement supérieur à la cible. Alors celle-ci doit décrire instantanément et précisément ce qu’elle fera à son tour prochain et s’y tenir autant que possible. 
Si le lanceur perd alors elle doit indiquer précisément ce qu’il fera à son prochain tour.;
petit sort arme diaphane;AME;7;Ne coute pas d'action;6;;;;0;Le lanceur peut viser une arme tenue en main par n'importe qui à la portée de son regard. L'arme devient parfois intangible, les rayons de la lumiere passent au travers comme si elle était transparente. Cela a pour effet qu'il est impossible de bloquer avec cette arme, et il est impossible de bloquer/parer cette arme. Par ailleurs cette arme peut briser les pierres miroitantes. L’effet se termine à la fin de votre tour.;
sort arme diaphane;AME;4;Ne coute pas d'action;6;;;;0;Le lanceur peut viser une arme tenue en main par n'importe qui à la portée de son regard. L'arme devient intangible, les rayons de la lumiere passent au travers comme si elle était transparente. Cela a pour effet qu'il est impossible de bloquer avec cette arme, et il est impossible de bloquer/parer cette arme. L'armure physique équipement est ignorée aussi. Par ailleurs cette arme peut briser les pierres miroitantes. L’effet se termine à la fin de votre tour.;
neurasthenisant;AME;2;1 énergie;6;Minimum energie : 1. Seuil de réussite : 4+;;;0;Dépenser 1 d’énergie pour cibler un être vivant. Celui-ci voit sa caractéristique d’énergie chuter à 0 jusqu’au début du prochain tour du lanceur. Et son énergie ne peut pas dépasser 1. Nécessaire d’avoir au moins autant d’intelligence que la cible.;
ubiquite;AME;1;1 énergie;7;Minimum energie : 1;;;0;Dépensez une énergie et jetez un dé. Sur 3+ le sort est réussit. A ce moment une réplique identique(sauf pour les âmes et l’humanité qui ne sont pas répliqués, le sort d’ubiquité n’est pas répliqué non plus)  du personnage du lanceur est créé à une position au choix du joueur. Celle-ci répète chacune des actions du joueur, après que le joueur ait terminé son action, jusqu’au début du prochain tour de celui-ci où elle disparaîtra. Ainsi si le joueur frappe la réplique frappe aussi droit devant elle (sans relancer les dés, le coup est le même).;
vision octuplee;ARACHNOMANCIE;1;;6;;;;0;Dure tant que le lanceur tient en main son catalyseur magique (bâton, patte d'araneide...)
La cible (peut etre le lanceur) voit ses yeux grossir en deux gros globules noirs et elle récupère 6 petits yeux noirs supplémentaires sur le visage. Elle est absolument hideuse.
La cible devient nyctalope et bénéficie d'une perception accrue de son environnement, elle perçoit tous les mouvements qui l'entoure et ce jusqu'à une portée de 100m. Mais la qualité de sa vision diminue, elle voit majoritairement flou et sans grandes nuances de couleurs.;
pattes ambulatoires;ARACHNOMANCIE;1;;10;;;;0;Dure tant que le lanceur tient en main son catalyseur magique (bâton, patte d'araneide...)
La cible (peut etre le lanceur) voit pousser  6 longues pattes supplémentaires (3 sur chacun de ses flancs). Elle est absolument hideuse.
La cible peut l'utiliser pour se déplacer très rapidement, on considère qu'elle peut monter les surfaces lisse et autre, toutefois elle doit se recroqueviller sur elle-même pour cela.;
eclairs;AME;3;;9;Distance. Max energie : 2;|1=>Ma:0
|2/3/4/5=>Ma:4
|6=>Ma:12
;;23;Après la frappe jetez un dé:
6 => la cible et 2 autres ennemis
5 => la cible et 1 autre ennemi 
3/4 => la cible uniquement
2 => la cible et un allié
1 => un allié.
Le résultat détermine qui subit la frappe.Le MJ détermine les cibles ennemies, le lanceur détermine les cibles alliées.;
brise braisee;PYROMANCIE;10;;4;;;;6;Le pyromancien projette un nuage de braise sur une large zone devant lui (~7m), les braises virevoltent et brûle légèrement les ennemis.
Dégâts => 1 F
Seuils :
6 => x2 | frappe les ennemis dans un rayon de 7m devant, leur bouclier sont inutilisables jusqu'au début du prochain tour du lanceur.
5=>x2 | frappe les ennemis dans un rayon de 7m devant
4=>x1 | frappe les ennemis dans un rayon de 7m devant
3=> x1 | frappe alliés et ennemis dans un rayon de 7m devant
2 =>x2 | frappe les alliés dans un rayon de 7m devant
1=> x5 | frappe le lanceur uniquement, il se débat et doit se libérer une main pour chasser les braises. Son tour est terminé.;
essoufflement;MIRACLE;4;2 actions;10;;;;0;Cibler un ennemi. La cible perds 1 point à sa défense physique s'il elle en a. Sinon elle perds 3pv.
La cible régénère sa défense et sa vie au prochain repos à un feu.;
paralysie;AME;4;;8;;;;0;La cible passe son prochain tour. Elle ne peut plus parler, bouger, etc;
ombre dansante;MIRACLE;5;Le lanceur, doit s'asseoir en tailleur par terre (compris dans l'action spéciale du sort).;5;;;;0;Aussi longtemps que le sorcier reste en tailleur sans bouger les yeux fermés, alors il peut prendre le contrôle de l'ombre d'un personnage autour de lui (Si l'ombre ne se laisse pas faire il faut que le lanceur ait au moins autant d'intelligence). Il ne peut pas prendre le contrôle de plusieurs ombres en même temps.
Les ombres ont la même vie que leur porteur, mais aucune défense. Seul les degats physiques comptent. Tout est directement soustrait aux pvs de l'ombre. 
Une fois qu'une ombre est morte jetez 1D20:
17+: le porteur de l'ombre meurt mais sans laisser de récompenses derrière lui (ni âmes ni drop)
13+: le porteur ne peut plus rien faire, il reste planté debout. Attend la mort.
8+: le porteur n'a plus d'ombre mais cela n'influence pas son corps physique.
1+ : le porteur devient totalement fou, à chaque tour tout le monde jette 1D6, le plus haut score joue le porteur ce tour ci. (Le MJ l'emporte toujours sur 5+ et en cas d'égalité)  ;
ombre dansante superieure;MIRACLE;5;Le lanceur, doit s'asseoir en tailleur par terre (compris dans l'action spéciale du sort).;7;;;;0;Cf Miracle "ombre dansante". Il peut prendre le contrôle de plusieurs ombres (une ombre =  une utilisation) en même temps.;
embrouillamini de cervelle;PSIONIQUE;3;3 énergies;7;;;;0;Le lanceur choisit deux cibles quelconques, il faut que les deux cibles soient des êtres pensants. Pour chacune des cibles, le lanceur et la cible jettent 1D20+leur intelligence, si pour chacune des cibles le lanceur a un résultat strictement supérieur à la cible alors il invertit l'esprit des deux cibles. cela a pour effet que chacune des cibles jouent dorénavant dans le corps de l'autre. Le sort dure tant que le lanceur est vivant et qu'il ne quitte pas la zone.;
souffle mortel;NECROMANCIE;3;1 humanite;8;;;;0;"Il vous souffle dessus vous mourrez" - Merlin.
Faire perdre (1D20 pv - les humanites de la cible) à la cible. La cible ne peut pas l'éviter avec une roulade ou tout autre artifice physique. Si elle meurt de ce sort, alors elle tombe en poussière et ses âmes disparaisse.
;
volonte sapee;PSIONIQUE;3;1 énergie;8;être plus intelligent que la cible;;Le sort est efficace si la cible n'a pas plus de 4 d'intelligence de plus que le lanceur;0;Le lanceur lance 1D6. Sur 2+ le sort est réussi.
La cible perds sa volonté, cela signifie qu'elle ne prendra plus d'initiative et sera très influencable.
Le sort dure jusqu'à la fin du prochain tour de la cible.;volonte sapee
souffleuse d ame;PSIONIQUE;1;2 actions;15;;;;0;Le lanceur cible un personnage doté d'humanité, d'âmes et d'une conscience, ce qui traduit le fait qu'il ait une "soul" à souffler.
Le lanceur doit consacrer tout son tour à essayer de souffler l'âme, à chaque tour il doit faire un combat d'intelligence contre sa cible. Et doit le réussir 3x de suite, la cible subit un malus de -2à ce test à chaque nouveau test (se réinitialise après 2 tours sans tests).
Dès le premier test, peu importe le résultat, la cible est extraite de son corps physique et ne peut plus intéragir avec le monde, elle peut toutefois se déplacer librement en restant proche du lanceur. Son esprit fantomatique rouge, et vaporeux est visible par le reste du monde. Il est possible de communiquer par geste et parole. Son esprit fantomatique est toujours soumis aux lois de la physique, il ne peut juste plus influer de sa force ni de sa magie sur le monde.
L'effet dure tant que le lanceur consacre son tour à essayer de souffler l'ame.
Si l'ame est finalement soufflee, alors un eclair rouge s'abat sur l'esprit fantomatique, et son ame est aspiree ailleurs dans un autre univers, dans lequel se reconstitue son corps physique par sa volonté mais il a perdu tout equipement, ames et humanites. Le lanceur peut lui prendre place dans le corps physique restant dans l'univers précédent.
Toutefois si le lanceur est blesse ou derange d une maniere ou d une autre pendant sa tentative de soufflage, alors le sort s'interromps et la cible reprends place dans son corps.;
attouchement encephalique;PSIONIQUE;4;1 action;7;;;;0;Lutte d'intelligence entre le lanceur et la cible.
Si la cible perds alors le lanceur peut inscrire une idée un souvenir ou autre dans son esprit. Si la différence entre le résultat est >= 10 alors l'idée est obsédante, et la cible doit tout faire pour que toutes ses actions se rapprochent de l'idée.
L'idée sous-jacente est permanent tant que le lanceur est en vie, l'idée obsédante disparaît si le lanceur s'éloigne.  ;
exhumation anthropophobe;NECROMANCIE;6;;7;;;;0;La cible subit en dégât magique le nombre de mots qui composait son dernier propos (nombre de mots que le joueur a prononcé avant que quelqu'un d'autre ne parle). Pas obligatoire d'expliquer le sort.
On parle bien du monde métaphysique, les joueurs qui parlent autour de la table. Si un joueur fait ce sort au MJ il choisit un monstre mais ce sont les mots du MJ qui comptent.;
aspirameur;NECROMANCIE;10;;10;;;;0;Il faut touche la cible avec les mains, et celle-ci peut eviter le contact avec une roulade ou autre.
Le lanceur dépense 2 actions et jette 1D4, il aspire ce nombre d'humanités à sa cible. Si celle-ci n'en a pas, alors elle perds 1D12 âmes.;
avaleur de talents;NECROMANCIE;5;;6;;;;0;A lancer sur un personnage qui vient de mourrir dans le tour (avant qu'il ne commence son prochain tour). Le lanceur recupère et débloque automatiquement toutes les techniques que le mort connaissait (ne compte pas celle en cours d'apprentissage).;
fleurs de feu;PYROMANCIE;10;;3;Maximum energie:1
Distance.;|1/2=>F:0
|3=>F:1
|4/5=>F:3
|6=>F:4
;;10;;
incurpsionisme;PSIONIQUE;3;3 énergie;9;Defense magique min : 10;;;0;Le lanceur jette 1D6: 
6+: le MJ lui présente la situation brièvement et l'environnement dans lequel se trouve les autres aventuriers de ce monde. Le lanceur peut même avoir une vision des derniers évènements vécus, et peut stopper le temps à l'endroit qui l'intéresse.
4+ : Pareil mais le lanceur ne voit que le présent
3+ : le MJ présente juste brièvement les personnages des équipes en nommant leur nom d'équipe
2+ : le MJ liste juste les équipes sans les nommer ni les décrire mais en les classant selon leur éloignement par rapport au lanceur, le lanceur peut choisir de se projeter dans l'une ou l'autre des équipes
1+ : le MJ envoie le lanceur où il veut
Ensuite le lanceur choisit un monde de destination.
Toutes les personnes qui touchent physiquement le lanceur à ce moment sont emportées avec lui.
Leur conscience sont emmenées dans cette planète, leur corps physiques sont laissés sur leur monde natal. Le temps s'arrête dans leur monde natal en attendant leur retour.
Dans le monde de destination ils sont à l'identique de leur monde natal, ils ont tout recréé y compris leur forme physique, cependant tout cela n'est que le fruit de la volonté du lanceur. Un magicien pourra déceler qu'il ne s'agit que de spectres d'un autre monde.
Ils peuvent intéragir avec le monde de destination de manière tout à fait normal, les joueurs du monde de destination seront joués par le MJ. Toutefois le monde n'est pas garanti d'être exactement le même que ceux des joueurs (il est donc possible que les joueurs du monde cible ne voit pas les effets des intéractions).
Les joueurs peuvent emporter des items du monde cible dans leur monde natal et de la même manière ce qu'ils donnent disparaît de leur monde natal.
Le voyage dure 20 min réelles, au-delà de ce temps des torageuses peuvent apparaître pour dévorer ses âmes incursionnées perdues.
Il faut utiliser une autre utilisation d'incurpsionisme pour faire le voyage de retour
;
grande telereminiscence;PSIONIQUE;8;;15;;;;0;Cela ne coûte pas d'utilisation d'effectuer ce sort.
Le porteur cible un être pensant (doté d'une intelligence de 1+)  puis fait une lutte d'intelligence avec la cible:
- S'il gagne : le MJ lui raconte des bribes de souvenirs marquants de la cible, suffisamment précis pour que le lanceur puisse en tirer beaucoup de bénéfices. Les souvenirs courts termes ou insignifiants pour la cible ne sont pas relatés.
- S'il perd : la cible est insondable
- S'il perd de +5 alors la cible détecte une intrusion mentale sans pouvoir déduire précisément qui, quoi , où.
- S'il fait 1 ou perd de 10+ alors le sort n'est plus utilisable jusqu'au prochain feu.;
telescribe;PSIONIQUE;5;1 énergie;6;;;;0;Le lanceur doit voir clairement un espace de chaire à vif sur la cible, c'est par là que son esprit s'insinuera dans le corps. 
Le lanceur cible un être pensant (doté d'une intelligence de 1+)  puis fait une lutte d'intelligence avec la cible:
- S'il gagne : le joueur peut modifier ou créer un souvenir dans l'esprit de la cible
- S'il perd : la cible est insondable
- S'il perd de +5 alors la cible détecte l'intrusion mentale ainsi que le lanceur de cette attaque.;
metatelemorphie;PSIONIQUE;4;;10;;;;0;Le lanceur peut projeter la forme qu'il souhaite avoir dans l'esprit de ses cibles, il peut y avoir jusqu'à 5 cibles différentes. La forme doit avoir un volume équivalent au corps du lanceur, mais la couleur et la forme peuvent changer. La projection se fait à l'endroit où se tient le lanceur et se comporte de la même manière que lui (il peut  avoir de toutes légères différences)
Le pouvoir dure indéfiniment, jusqu'à ce que le lanceur subisse des dégâts magiques.;
telekinesie;PSIONIQUE;3;;13;Def magique min : 5;;;0;Le sort permet de déplacer des objets en vues sans respecter les loies de la physique.Le nombre maximal d'objet porté ne doit pas avoir un poid > 6
Le sort peut s'arrêter de manière inopinée après 30 min réelles depuis le lancement de l'utilisation, le MJ ne prévient pas le lanceur quand le sort s'arrête.
On considère qu'un objet tenu par télékinésie est tenu réellement par le lanceur du sort, on utilise les stats du lanceur si il y'a besoin de résoudre des actions avec l'objet tenu.
Si l'objet est tenu par un ennemi alors il faut faire une lutte de force pour maîtriser la télékinésie sur cet objet.;
xaraxatrailles;NECROMANCIE;2;;7;;;;0;Cibler un cadavre permet de revoir par ses yeux la minute qui a précédé sa mort.;
telepathie;PSIONIQUE;0;1 énergie;6;;;;0;Passif. Peut parler dans l'esprit de son interlocuteur, jusqu'à 5 personnes simultanément.;
don de soi;MIRACLE;8;;4;;;;0;Lorsque le porteur du sort subit une blessure, alors la cible vivante de son choix regagne la moitié des pvs qu'il a perdu (la cible doit être dans les environs du lanceur). Consomme une utilisation du sort à chaque fois. La cible ne peut pas dépasser son nombre de point de vie maximal.;
envoie lepidophenix;PYROMANCIE;10;;3;;;;0;Un lepidophenix se cree dans la paume du lanceur, et s'élance vers le destinataire au choix du lanceur. Le lanceur a juste à penser au destinataire (il faut que le lanceur l'ait déjà vu), le lepidophenix se charge de le trouver. Le lepidophenix peut soit delivrer un message au destinataire en se tranformant en lettres enflammées ou alors exploser au visage du destinataire et infliger 1D4 dégâts de feu.;
don des autres;MIRACLE;6;;3;;;;0;Lorsqu'un autre être vivant d'une intelligence>1 proche du lanceur se fait blesser alors le lanceur, si l'être blessé est d'accord (sinon lutte d'intelligence), peut récupérer la moitié des pv perdus par le blessé (toujours possible meme si la blessure est fatale). Il faut formuler la demande au moment de la blessure. Aucun coût d'action, impossible de dépasser son seuil maximal de pv.;
appel des huorns;NECROMANCIE;5;50 ames;8;;;;0;Le lanceur ressuscite ses âmes dans un abre pour lui donner vie à ses ordres.
Le lanceur doit toucher un arbre, celui-ci devient à un huorn à ses commandes et dispose d'un tour avec deux actions directement après le lanceur.
Si le nouveau huorn ne blesse pas un être vivant durant son tour alors il faut jeter 1D6 sur 1 il redevient un arbre.
Le huorn redevient automatiquement un arbre si le lanceur n'est plus à proximité.;
arbrification;NECROMANCIE;3;2 actions;7;;;;0;Le lanceur doit toucher les pieds (le sort ne fonctionne que sur les humanoides avec la vraie def d'un humanoide, pas celle de rémi :p) d'un être vivant et faire une lutte d'intelligence (chacun des lutteurs peuvent choisir secrètement un nombre d'énergie pour la lutte : x énergie = x dés dans la lutte, on garde le meilleur dé).
Si le lanceur réussit alors la cible a les pieds transformés en racine et ne peut plus bouger, le tour suivant (obligatoirement le tour suivant) le lanceur peut sans consommer une d'utilisation tenter de nouveau le sort sur la cible enracinée et si il réussit de nouveau la lutte alors la cible est transformée définitivement en arbre.;
sort diaphane;AME;4;Ne coute pas d'action;6;;;;0;Le lanceur peut cibler n'importe quel objet vivant ou inerte, ou lui-même. Si la cible est un être pensant non consentant alors lutte d'intelligence. Dans le cas où le sort fonctionne alors la cible devient intangible pendant 2 longues secondes, de quoi passer au travers, du sol, une porte, un ennemi, une arme. Le sort englobe tout ce qui est tenu par la cible (arme et armure deviennent intangible aussi), s'il tient un autre être vivant, celui-ci reste tangible et est donc libéré de l'emprise car la cible est intangible. Lors de la retangibilisation la cible est repoussé dans une direction ou une autre si son corps rentre en conflit avec de la matière (genre son bras était toujours dans une porte). Par ailleurs il n'est possible de passer qu'au travers des paroies fines ( si on est sur un sol de pierre on s'enfonce pas dans la pierre).;
miracle de surseance;MIRACLE;4;Ne coute pas d'action;9;;;;0;Le lanceur peut l'executer de deux manières différentes, a son choix. Si la cible est autre que lui-même alors une lutte d'intelligence s'ensuit.
Mineur : si le corps de la cible est en mouvement alors toutes les forces extérieures qui impliquaient ce mouvement disparaissent (si le magicien tombe alors il flotte, si le magicien est projeté alors il arrête d'être projeté et peut se tenir debout). L'effet est contenu dans une petite bulle autour de la cible mais ne s'applique que sur celle-ci, la cible peut donc bouger sans être de nouveau soumise à ces forces. Toutefois si la cible sort de cette bulle invisible l'effet disparaît définitivement, de plus si une nouvelle force s'applique (si un monstre le projette de nouveau) alors le sort ne prenait pas en compte l'annulation de cette nouvelle force et la cible la subit pleinement même si elle était toujours dans la bulle active.
Majeur : La cible est bloquée dans le temps et l'espace, elle ne peut plus bouger un poil, tout ce qui la touche d'inanimé est aussi bloqué dans le temps, mais ce qui est vivant ne subit pas l'effet. Toutefois la cible peut tout de même penser et faire tout type d'action qui n'implique pas de bouger. Son corps physique ne subit aucun effet physique que le monde peut lui infliger mais pourra les subir lors de la fin du sort. A chacun du début de ses tours le lanceur peut décider d'arrêter le sort, pour cela il lance 1D4, sur 4 le sort est terminé.;
miracle de convivialite;MIRACLE;7;;4;;;;0;Tout ceux que touche le lanceur et le lanceur lui-même bénéficient de l'effet:
Tout le monde dégage une agréable sensation de familiarité, de quiétude et de confiance. Ce qui amène tous les autres êtres vivants à les considérer comme des meubles à minima (en fonction de la sympathie initiale de ces êtres, mais ça peut être aussi à coup d'accolades amicales) et donne l'occasion à ce monde de passer inaperçu pendant 4 tours complets. Toutefois si un des êtres vivants qui est en train de se faire embobeliner a une intelligence supérieure au lanceur, alors il faut faire une lutte d'intelligence au début du tour de cet être contre chacun des membres incognito. Si le membre incognito perds alors, l'être peut jouer son tour normalement en prenant en compte qu'il a découvert le subterfuge pour ce membre.;
miracle de l indecis;MIRACLE;6;2 actions spéciales;4;;;;0;La cible peut être le lanceur ou un autre être pensant consentant.
La cible peut alors changer ses sorts équipés par d'autres sorts de son choix dont elle dispose.
Le lanceur peut aussi déséquiper ce sort là même sous l'effet du sort.;
joute;AME;11;;4;Distance(~3m). Max energie : 1;|1=>Ma:0
|2/3/4/5=>Ma:2
|6=>Ma:3
;;6;Après la frappe jetez un dé:
6 => la cible et 2 autres ennemis
5 => la cible et 1 autre ennemi 
3/4/2 => la cible uniquement
1 => la cible et un allié
Le résultat détermine qui subit la frappe.Le MJ détermine les cibles ennemies, le lanceur détermine les cibles alliées.;